{
	"scopeName": "source.piggymaths",
	"patterns": [
		{
			"include": "#expression"
		}
	],
	"repository": {
		"expression": {
			"patterns": [
				{"include": "#string"},
				{"include": "#comment"},
				{"include": "#particle"},
				{"include": "#function"},
				{"include": "#keyword"},
				{"include": "#var"},
				{"include": "#numeric"}
			]
		},
		"string": {
			"begin": "\"",
			"end": "\"",
			"name": "string.piggymaths",
			"patterns": [
				{"include": "#string-char-escape"}
			]
		},
		"string-char-escape": {
			"match": "\\\\.",
			"name": "constant.character.escape.piggymaths"
		},
		"comment": {
			"match": "#[^\\n\\r\\f\\v]*",
			"name": "comment.piggymaths"
		},
		"particle": {
			"match": "(ij|sula|ci|lok|nu|bi|pio|mio|galio|pu|fu|ju|su|co|da|med|pur|zo)[ \\n]",
			"name": "keyword.control.particle.piggymaths"
		},
		"function": {
			"match": "[a-zA-Z]\\w*(?=[\\(:])",
			"name": "entity.name.function.piggymaths"
		},
		"keyword": {
			"match": "(int|dar|skr|ioi|ioial|noial|adatali)\\s",
			"name": "keyword.piggymaths"
		},
		"var": {
			"match": "[𝘢𝘣𝘤𝘥𝘦𝘧𝘨𝘩𝘪𝘫𝘬𝘭𝘮𝘯𝘰𝘱𝘲𝘳𝘴𝘵𝘶𝘷𝘸𝘹𝘺𝘻𝘈𝘉𝘊𝘋𝘌𝘍𝘎𝘏𝘐𝘑𝘒𝘓𝘔𝘕𝘖𝘗𝘘𝘙𝘚𝘛𝘜𝘝𝘞𝘟𝘠𝘡𝗮𝗯𝗰𝗱𝗲𝗳𝗴𝗵𝗶𝗷𝗸𝗹𝗺𝗻𝗼𝗽𝗾𝗿𝘀𝘁𝘂𝘃𝘄𝘅𝘆𝘇𝗔𝗕𝗖𝗗𝗘𝗙𝗚𝗛𝗜𝗝𝗞𝗟𝗠𝗡𝗢𝗣𝗤𝗥𝗦𝗧𝗨𝗩𝗪𝗫𝗬𝗭𝙖𝙗𝙘𝙙𝙚𝙛𝙜𝙝𝙞𝙟𝙠𝙡𝙢𝙣𝙤𝙥𝙦𝙧𝙨𝙩𝙪𝙫𝙬𝙭𝙮𝙯𝘼𝘽𝘾𝘿𝙀𝙁𝙂𝙃𝙄𝙅𝙆𝙇𝙈𝙉𝙊𝙋𝙌𝙍𝙎𝙏𝙐𝙑𝙒𝙓𝙔𝙕𝓪𝓫𝓬𝓭𝓮𝓯𝓰𝓱𝓲𝓳𝓴𝓵𝓶𝓷𝓸𝓹𝓺𝓻𝓼𝓽𝓾𝓿𝔀𝔁𝔂𝔃𝓐𝓑𝓒𝓓𝓔𝓕𝓖𝓗𝓘𝓙𝓚𝓛𝓜𝓝𝓞𝓟𝓠𝓡𝓢𝓣𝓤𝓥𝓦𝓧𝓨𝓩𝖆𝖇𝖈𝖉𝖊𝖋𝖌𝖍𝖎𝖏𝖐𝖑𝖒𝖓𝖔𝖕𝖖𝖗𝖘𝖙𝖚𝖛𝖜𝖝𝖞𝖟𝕬𝕭𝕮𝕯𝕰𝕱𝕲𝕳𝕴𝕵𝕶𝕷𝕸𝕹𝕺𝕻𝕼𝕽𝕾𝕿𝖀𝖁𝖂𝖃𝖄𝖅𝕒𝕓𝕔𝕕𝕖𝕗𝕘𝕙𝕚𝕛𝕜𝕝𝕞𝕟𝕠𝕡𝕢𝕣𝕤𝕥𝕦𝕧𝕨𝕩𝕪𝕫𝔸𝔹ℂ𝔻𝔼𝔽𝔾ℍ𝕀𝕁𝕂𝕃𝕄ℕ𝕆ℙℚℝ𝕊𝕋𝕌𝕍𝕎𝕏𝕐ℤ𝝮𝛤ೲ𝈲]",
			"name": "variable.piggymaths"
		},
		"numeric": {
			"match": "-?[0-9½¼]+",
			"name": "constant.numeric.piggymaths"
		}
	}
}