{
	"scopeName": "source.piggymaths",
	"patterns": [
		{
			"include": "#expression"
		}
	],
	"repository": {
		"expression": {
			"patterns": [
				{"include": "#block-title"},
				{"include": "#block-corner"},
				{"include": "#block-pipe"},
				{"include": "#block-pipe"},
				{"include": "#block-info"},
				{"include": "#numeric"},
				{"include": "#symbol"},
				{"include": "#symbol-special"},
				{"include": "#var-sup"},
				{"include": "#var-sub"},
				{"include": "#var"}
			]
		},
		"block-corner": {
			"match": "^[┌└├┏┗╓╙].*",
			"name": "string.block-corner.piggymaths"
		},
		"block-pipe": {
			"match": "^[│║] ",
			"name": "string.block-pipe.piggymaths"
		},
		"block-title": {
			"begin": "([│┃] ([0-9]+|  ) \\- |[│┃] (CHAPITRE|Annexe) - )",
			"end": "$",
			"name": "string.block-title.piggymaths",
			"patterns": [
				{"include": "#block-title-text"},
				{"include": "#block-title-end"}
			]
		},
		"block-title-text": {
			"match": "[^│┃]+",
			"name": "entity.name.type.module.block-title-text.piggymaths"
		},
		"block-title-end": {
			"match": "[│┃]",
			"name": "string.block-title-end.piggymaths"
		},
		"block-info": {
			"match": "^[a-zA-ZéÉ]+\\:",
			"name": "string.block-info.piggymaths"
		},
		"numeric": {
			"match": "(\\-?[0-9½⅓¼⅕⅙⅐⅛⅑⅔⅖¾⅗⅜⅘⅝⅚⅞⅒↉⅟][0-9½⅓¼⅕⅙⅐⅛⅑⅔⅖¾⅗⅜⅘⅝⅚⅞⅒↉⅟\\.]*|⁻?[⁰¹²³⁴⁵⁶⁷⁸⁹]+)",
			"name": "constant.numeric.piggymaths"
		},
		"symbol": {
			"match": "[\\\\\\+\\*\\/\\(\\)\\[\\]\\{\\}\\=\\<\\>\\!\\|\"×ΣΠ∀∃∈∉⊂≠≈≤≥⋂⁺⁻ᐟ√Ӿⵋ𝈙│║⇐⇔⇒·⁼⁽⁾·₌₍₎₊₋⚹°;&⋀♮⎎⬞↑↓→←↗↘☍‡⦯○ດ⟦⟧…·⟨⟩↦𝄓⑊𐍉↺_⊸^÷✳⎈ⴳ∠⦣🜁⤼⤺⏜∑⊕└┘┌┐─]",
			"name": "variable.parameter.symbole.piggymaths"
		},
		"symbol-special": {
			"match": "((U|Im|Ker|Vect)(?![a-z])|(?<![a-zA-Z])(dim|max|min|deg|rg)(?![a-z])|(?<![a-zA-Zéù«»])[\\-,']|T(?=[ᶿ⁺ˣᐟ])|:(?= .* → .*)|P̌|Ṕ|ᵢₑ)",
			"name": "variable.parameter.symbol-special.piggymaths"
		},
		"var": {
			"match": "[αβγδεζηθικλµνξπρσςτυφχψωΓΔΘΛΞΦΨΩ𝘢𝘣𝘤𝘥𝘦𝘧𝘨𝘩𝘪𝘫𝘬𝘭𝘮𝘯𝘰𝘱𝘲𝘳𝘴𝘵𝘶𝘷𝘸𝘹𝘺𝘻𝘈𝘉𝘊𝘋𝘌𝘍𝘎𝘏𝘐𝘑𝘒𝘓𝘔𝘕𝘖𝘗𝘘𝘙𝘚𝘛𝘜𝘝𝘞𝘟𝘠𝘡𝗮𝗯𝗰𝗱𝗲𝗳𝗴𝗵𝗶𝗷𝗸𝗹𝗺𝗻𝗼𝗽𝗾𝗿𝘀𝘁𝘂𝘃𝘄𝘅𝘆𝘇𝗔𝗕𝗖𝗗𝗘𝗙𝗚𝗛𝗜𝗝𝗞𝗟𝗠𝗡𝗢𝗣𝗤𝗥𝗦𝗧𝗨𝗩𝗪𝗫𝗬𝗭𝙖𝙗𝙘𝙙𝙚𝙛𝙜𝙝𝙞𝙟𝙠𝙡𝙢𝙣𝙤𝙥𝙦𝙧𝙨𝙩𝙪𝙫𝙬𝙭𝙮𝙯𝘼𝘽𝘾𝘿𝙀𝙁𝙂𝙃𝙄𝙅𝙆𝙇𝙈𝙉𝙊𝙋𝙌𝙍𝙎𝙏𝙐𝙑𝙒𝙓𝙔𝙕𝓪𝓫𝓬𝓭𝓮𝓯𝓰𝓱𝓲𝓳𝓴𝓵𝓶𝓷𝓸𝓹𝓺𝓻𝓼𝓽𝓾𝓿𝔀𝔁𝔂𝔃𝓐𝓑𝓒𝓓𝓔𝓕𝓖𝓗𝓘𝓙𝓚𝓛𝓜𝓝𝓞𝓟𝓠𝓡𝓢𝓣𝓤𝓥𝓦𝓧𝓨𝓩𝖆𝖇𝖈𝖉𝖊𝖋𝖌𝖍𝖎𝖏𝖐𝖑𝖒𝖓𝖔𝖕𝖖𝖗𝖘𝖙𝖚𝖛𝖜𝖝𝖞𝖟𝕬𝕭𝕮𝕯𝕰𝕱𝕲𝕳𝕴𝕵𝕶𝕷𝕸𝕹𝕺𝕻𝕼𝕽𝕾𝕿𝖀𝖁𝖂𝖃𝖄𝖅𝕒𝕓𝕔𝕕𝕖𝕗𝕘𝕙𝕚𝕛𝕜𝕝𝕞𝕟𝕠𝕡𝕢𝕣𝕤𝕥𝕦𝕧𝕨𝕩𝕪𝕫𝔸𝔹ℂ𝔻𝔼𝔽𝔾ℍ𝕀𝕁𝕂𝕃𝕄ℕ𝕆ℙℚℝ𝕊𝕋𝕌𝕍𝕎𝕏𝕐ℤøØ𝝮𝛤ೲ𝈲₀₁₂₃₄₅₆₇₈₉ᴬᵃᴬᴮᵇᴮᵝᶜᶜᴰᵈᵟᴱᵉᴱᵋᶠᶲᵠᴳᵍʳᵞᴴʰᴴᵑᴵⁱᴵᶥᴶʲˣᵡᴷᵏᴷᴸˡᴹᵐᴹᶣᴺⁿⱽᶹᴼᵒᶱᶿᴾᵖꟸᶯˤˤᴿʳᴾᵖˢˢᵀᵗᶴᶴᵁᵘᵞᵘⱽᵛᶺᵂʷᶷᵚˣᵋᵞʸᵞᵘᶻᶻᶻᶾₐᵦₑᵩᵧₕᵢⱼᵪₖₗₘₙᵥₒₔₚᵣᵨₛₜᵤᵤᵥₓᵧᵤИ𝈅𝈩]",
			"name": "entity.name.type.var.piggymaths"
		},
		"var-sub": {
			"match": "([A-Z]|id)[ₐᵦₑᵩᵧₕᵢⱼᵪₖₗₘₙᵥₒₔₚᵣᵨₛₜᵤᵤᵥₓᵧᵤ₀₁₂₃₄₅₆₇₈₉]",
			"name": "entity.name.type.var-sub.piggymaths"
		},
		"var-sup": {
			"match": "[𝖇𝖈𝖊𝓔][⁰¹²³⁴⁵⁶⁷⁸⁹]",
			"name": "entity.name.type.var-sub.piggymaths"
		}
	}
}